Iteration No,uniServiceId
1,GA%2FKXFN%2F047348%2FLVLC
2,EN%2FKXFN%2F511837%2FLVLC
3,VA%2FKXFN%2F162561%2FLVLC
4,63%2FKGFN%2F105601%2FTWCS
5,PQ%2FKXFN%2F129668%2FLVLC
6,BV%2FKGFN%2F002026%2FLVLC
7,MO%2FKXFN%2F058131%2FLVLC
8,IL%2FKXFN%2F428440%2FLVLC
9,GE%2FKXFN%2F244083%2FLVLC
10,NL%2FKXFN%2F291514%2FLVLC
11,1F%2FKGFN%2F004224%2FLVLC
12,EN%2FKXFN%2F511794%2FLVLC
13,2W%2FKGFN%2F002224%2FLVLC
14,FR%2FKXFN%2F062179%2FLVLC
15,BW%2FKGFN%2F002032%2FLVLC
16,24%2FKGFN%2F110295%2FTWCS
17,59%2FKGFN%2F108765%2FTWCS
18,GA%2FKXFN%2F216050%2FLVLC
19,VA%2FKXFN%2F162548%2FLVLC
20,IL%2FKXFN%2F428456%2FLVLC
21,BZ%2FKGFN%2F002025%2FLVLC
22,BY%2FKGFN%2F002024%2FLVLC
23,1X%2FKGFN%2F002733%2FLVLC
24,CA%2FKXFN%2F063333%2FLVLC
25,JP%2FKXFN%2F299399%2FLVLC
26,ON%2FKXFN%2F094221%2FLVLC
27,JP%2FKXFN%2F299400%2FLVLC
28,7Z%2FKGFN%2F002356%2FLVLC
29,JP%2FKXFN%2F289932%2FLVLC
30,1F%2FKGFN%2F004223%2FLVLC
31,2S%2FKGFN%2F003834%2FLVLC
32,1A%2FKGFN%2F002788%2FLVLC
33,1J%2FKGFN%2F001135%2FTWCS
34,VA%2FKXFN%2F111226%2FLVLC
35,35%2FKGFN%2F104699%2FTWCS
36,NL%2FKXFN%2F291527%2FLVLC
37,74%2FKGFN%2F107925%2FTWCS
38,GA%2FKXFN%2F041948%2FLVLC
39,TX%2FKXFN%2F170802%2FLVLC
40,BS%2FKGFN%2F002012%2FLVLC
41,VA%2FKXFN%2F519391%2FLVLC
42,CA%2FKXFN%2F317007%2FLVLC
43,7V%2FKGFN%2F002016%2FLVLC
44,7I%2FKGFN%2F002007%2FLVLC
45,CA%2FKXFN%2F063334%2FLVLC
46,IL%2FKXFN%2F052270%2FLVLC
47,VA%2FKXFN%2F132218%2FLVLC
48,GE%2FKXFN%2F048607%2FLVLC
49,5B%2FKGFN%2F004082%2FLVLC
50,TX%2FKXFN%2F063328%2FLVLC
51,IL%2FKXFN%2F097634%2FLVLC
52,ON%2FKXFN%2F094191%2FLVLC
53,5Z%2FKGFN%2F002993%2FLVLC
54,IL%2FKXFN%2F195556%2FLVLC
55,BZ%2FKGFN%2F002023%2FLVLC
56,GE%2FKXFN%2F244082%2FLVLC
57,IL%2FKXFN%2F097650%2FLVLC
58,EN%2FKXFN%2F059279%2FLVLC
59,EN%2FKXFN%2F425266%2FLVLC
60,NL%2FKXFN%2F243855%2FLVLC
61,CA%2FKXFN%2F216107%2FLVLC
62,TX%2FKXFN%2F216054%2FLVLC
63,JP%2FKXFN%2F289931%2FLVLC
64,GE%2FKXFN%2F066063%2FLVLC
65,FR%2FKXFN%2F062180%2FLVLC
66,CA%2FKXFN%2F162404%2FLVLC
67,FR%2FKXFN%2F243768%2FLVLC
68,ON%2FKXFN%2F059268%2FLVLC
69,GA%2FKXFN%2F041949%2FLVLC
70,AZ%2FKXFN%2F103342%2FLVLC
71,CA%2FKXFN%2F428491%2FLVLC
72,CA%2FKXFN%2F216127%2FLVLC
73,WA%2FKXFN%2F041191%2FLVLC
74,6Q%2FKGFN%2F002067%2FLVLC
75,NL%2FKXFN%2F243854%2FLVLC
76,WA%2FKXFN%2F438858%2FLVLC
77,VA%2FKXFN%2F103592%2FLVLC
78,CA%2FKXFN%2F428490%2FLVLC
79,HK%2FKXFN%2F326525%2FLVLC
80,5Z%2FKGFN%2F004157%2FLVLC
81,TX%2FKXFN%2F516883%2FLVLC
82,WA%2FKXFN%2F195087%2FLVLC
83,7Z%2FKGFN%2F002456%2FLVLC
84,FR%2FKXFN%2F119279%2FLVLC
85,WA%2FKXFN%2F438857%2FLVLC
86,VA%2FKXFN%2F428434%2FLVLC
87,VA%2FKXFN%2F428433%2FLVLC
88,PQ%2FKXFN%2F100636%2FLVLC
89,CA%2FKXFN%2F162403%2FLVLC
90,WA%2FKXFN%2F041272%2FLVLC
91,6A%2FKGFN%2F003533%2FLVLC
92,NL%2FKXFN%2F119218%2FLVLC
93,WA%2FKXFN%2F195074%2FLVLC
94,HK%2FKXFN%2F326526%2FLVLC
95,7V%2FKGFN%2F002070%2FLVLC
96,WA%2FKXFN%2F516953%2FLVLC
97,GE%2FKXFN%2F065953%2FLVLC
98,SI%2FKXFN%2F289753%2FLVLC
99,WA%2FKXFN%2F267770%2FLVLC
100,6A%2FKGFN%2F003534%2FLVLC
101,HK%2FKXFN%2F289848%2FLVLC
102,PQ%2FKXFN%2F100635%2FLVLC
103,VA%2FKXFN%2F332850%2FLVLC
104,IR%2FKXFN%2F210068%2FLVLC
105,FR%2FKXFN%2F119280%2FLVLC
106,TX%2FKXFN%2F516885%2FLVLC
107,VA%2FKXFN%2F162541%2FLVLC
108,NL%2FKXFN%2F119446%2FLVLC
109,VA%2FKXFN%2F063271%2FLVLC
110,1J%2FKGFN%2F003284%2FLVLC
111,GA%2FKXFN%2F216057%2FLVLC
112,EN%2FKXFN%2F153440%2FLVLC
113,IL%2FKXFN%2F516774%2FLVLC
114,VA%2FKXFN%2F332867%2FLVLC
115,5H%2FKGFN%2F003853%2FLVLC
116,IR%2FKXFN%2F243894%2FLVLC
117,EN%2FKXFN%2F059271%2FLVLC
118,NY%2FKXFN%2F215752%2FLVLC
119,HK%2FKXFN%2F289847%2FLVLC
120,AO%2FKGFN%2F002002%2FLVLC
121,SI%2FKXFN%2F289752%2FLVLC
122,VA%2FKXFN%2F519404%2FLVLC
123,1X%2FKGFN%2F004519%2FLVLC
124,AO%2FKGFN%2F002001%2FLVLC
125,AZ%2FKXFN%2F103360%2FLVLC
126,1F%2FKGFN%2F003932%2FLVLC
127,JP%2FKXFN%2F327948%2FLVLC
128,EN%2FKXFN%2F425267%2FLVLC
129,AZ%2FKXFN%2F569466%2FLVLC
130,6A%2FKGFN%2F004006%2FLVLC
131,63%2FKGFN%2F108158%2FTWCS
132,AZ%2FKXFN%2F527527%2FLVLC
133,SI%2FKXFN%2F588642%2FLVLC
134,GB%2FKXFN%2F562465%2FLVLC
135,SI%2FKXFN%2F620110%2FLVLC
136,CA%2FKXFN%2F516890%2FLVLC
137,VA%2FKXFN%2F568496%2FLVLC
138,VA%2FKXFN%2F063272%2FLVLC
139,VA%2FKXFN%2F161748%2FLVLC
140,TX%2FKXFN%2F327465%2FLVLC
141,CA%2FKXFN%2F555710%2FLVLC
142,1F%2FKGFN%2F003931%2FLVLC
143,NY%2FKXFN%2F215751%2FLVLC
144,JP%2FKXFN%2F327994%2FLVLC
145,TX%2FKXFN%2F327447%2FLVLC
146,1X%2FKGFN%2F004518%2FLVLC
147,TX%2FKXFN%2F063344%2FLVLC
148,VA%2FKXFN%2F161759%2FLVLC
149,FR%2FKXFN%2F243769%2FLVLC
150,7Z%2FKGFN%2F002457%2FLVLC
151,EN%2FKXFN%2F153425%2FLVLC
152,AZ%2FKXFN%2F569478%2FLVLC
153,WA%2FKXFN%2F516960%2FLVLC
154,63%2FKGFN%2F108160%2FTWCS
155,VA%2FKXFN%2F568497%2FLVLC
156,2U%2FKGFN%2F002309%2FLVLC
157,HK%2FKXFN%2F647754%2FLVLC
158,NJ%2FKXFN%2F527508%2FLVLC
159,HK%2FKXFN%2F647744%2FLVLC
160,NJ%2FKXFN%2F527489%2FLVLC
161,TX%2FKXFN%2F529344%2FLVLC
162,6A%2FKGFN%2F004005%2FLVLC
163,NY%2FKXFN%2F516895%2FLVLC
164,SI%2FKXFN%2F620111%2FLVLC
165,TX%2FKXFN%2F587969%2FLVLC
166,TX%2FKXFN%2F587968%2FLVLC
167,VA%2FKXFN%2F103591%2FLVLC
168,IL%2FKXFN%2F516785%2FLVLC
169,WA%2FKXFN%2F267785%2FLVLC
170,TX%2FKXFN%2F216053%2FLVLC
171,SI%2FKXFN%2F588665%2FLVLC
172,5Z%2FKGFN%2F004156%2FLVLC
173,CA%2FKXFN%2F555744%2FLVLC
174,NY%2FKXFN%2F516853%2FLVLC
175,5H%2FKGFN%2F003854%2FLVLC
176,VA%2FKXFN%2F162540%2FLVLC
177,GB%2FKXFN%2F562464%2FLVLC
178,CA%2FKXFN%2F516889%2FLVLC
179,IR%2FKXFN%2F210097%2FLVLC
180,6Q%2FKGFN%2F002066%2FLVLC
181,VA%2FKXFN%2F593122%2FLVLC
182,VA%2FKXFN%2F593138%2FLVLC
183,GE%2FKXFN%2F244585%2FLVLC
184,GE%2FKXFN%2F244581%2FLVLC
185,VA%2FKXFN%2F896526%2FLVLC
186,HK%2FKXFN%2F029700%2FLVLC
187,VA%2FKGFN%2F884946%2FLVLC
188,VA%2FKGFN%2F884919%2FLVLC
189,AZ%2FKXFN%2F527539%2FLVLC
190,CA%2FKXFN%2F648039%2FLVLC
191,IR%2FKXFN%2F243895%2FLVLC
192,CA%2FKXFN%2F317008%2FLVLC
193,ON%2FKGFN%2F001143%2FLUMN
194,ON%2FKXFN%2F001144%2FLUMN
195,NJ%2FKXFN%2F689101%2FLVLC
196,NJ%2FKXFN%2F689102%2FLVLC
197,IL%2FKXFN%2F195572%2FLVLC
198,GA%2FKXFN%2F070256%2FLUMN
199,VA%2FKXFN%2F132219%2FLVLC
200,HK%2FKXFN%2F029701%2FLVLC
201,TX%2FKXFN%2F529356%2FLVLC
202,VA%2FKXFN%2F648050%2FLVLC
203,OR%2FKXFN%2F009680%2FLUMN
204,WA%2FKXFN%2F009681%2FLUMN
205,AZ%2FKXFN%2F026352%2FLVLC
206,AZ%2FKXFN%2F026354%2FLVLC
207,VA%2FKXFN%2F000670%2FLUMN
208,VA%2FKXFN%2F000669%2FLUMN
209,TX%2FKXFN%2F170741%2FLVLC
210,VA%2FKGFN%2F000950%2FLUMN
211,VA%2FKGFN%2F000949%2FLUMN
212,AZ%2FKGFN%2F001713%2FLUMN
213,AZ%2FKGFN%2F001714%2FLUMN
214,NV%2FKXFN%2F001309%2FLUMN
215,NV%2FKXFN%2F001308%2FLUMN
216,IL%2FKXFN%2F011107%2FLUMN
217,OH%2FKXFN%2F011108%2FLUMN
218,7V%2FKGFN%2F002071%2FLVLC
219,IL%2FKXFN%2F000668%2FLUMN
220,IL%2FKXFN%2F000667%2FLUMN
221,CA%2FKXFN%2F012047%2FLUMN
222,CA%2FKXFN%2F012075%2FLUMN
223,MN%2FKGFN%2F026167%2FLUMN
224,CO%2FKGFN%2F024594%2FLUMN
225,VA%2FKXFN%2F010594%2FLUMN
226,VA%2FKXFN%2F001286%2FLUMN
227,VA%2FKXFN%2F001287%2FLUMN
228,IL%2FKXFN%2F017844%2FLVLC
229,IL%2FKXFN%2F017906%2FLVLC
230,VA%2FKXFN%2F065017%2FLUMN
231,GA%2FKXFN%2F070255%2FLUMN
232,VA%2FKXFN%2F043245%2FLUMN
233,VA%2FKXFN%2F043246%2FLUMN
234,GE%2FKXFN%2F048606%2FLVLC
235,VA%2FKXFN%2F005944%2FLUMN
236,VA%2FKXFN%2F005943%2FLUMN
237,SI%2FKXFN%2F678874%2FLVLC
238,SI%2FKXFN%2F678873%2FLVLC
